PlanetIdentifier,TypeFlag,PlanetaryMassJpt,RadiusJpt,PeriodDays,SemiMajorAxisAU,Eccentricity,PeriastronDeg,LongitudeDeg,AscendingNodeDeg,InclinationDeg,SurfaceTempK,AgeGyr,DiscoveryMethod,DiscoveryYear,LastUpdated,RightAscension,Declination,DistFromSunParsec,HostStarMassSlrMass,HostStarRadiusSlrRad,HostStarMetallicity,HostStarTempK,HostStarAgeGyr
Kepler-131 b,0,0.05074,0.219624,16.092,,,,,,,,,transit,2014,14/02/24,19 14 07,+40 56 32,226.3,1.02,1.03,0.12,5685,3.66
Kepler-131 c,0,0.025952,0.076549,25.5169,,,,,,,,,transit,2014,14/02/24,19 14 07,+40 56 32,226.3,1.02,1.03,0.12,5685,3.66
HD 114729 A b,2,0.84,,1135,2.08,0.32,,,,,,,RV,2002,12/12/08,13 12 44,-31 52 24,35,0.93,1.46,-0.22,,6
CoRoT-24 b,0,,0.33,5.1134,0.056,0,,,,86.5,1070,,transit,2014,14/06/08,06 47 41,-03 43 10,600,0.91,0.86,0.3,4950,11
CoRoT-24 c,0,0.088,0.44,11.759,0.098,0,,,,89,850,,transit,2014,14/06/08,06 47 41,-03 43 10,600,0.91,0.86,0.3,4950,11
WASP-108 b,0,0.892,1.284,2.6755463,0.0397,,,,,88.49,1590,,transit,2014,14/10/14,13 03 18.73,-49 38 22.8,220,1.167,1.215,0.05,6000,6.4
Kepler-101 b,0,0.161,0.515,3.4876812,0.0474,0.086,231,,,85.82,,,transit,2014,15/01/27,18 53 01.32,+48 21 18.84,990.44,1.17,1.56,,5667,5.9
Kepler-101 c,0,,0.112,6.02976,0.0684,,,,,84.6,,,transit,2014,15/01/27,18 53 01.32,+48 21 18.84,990.44,1.17,1.56,,5667,5.9
Gliese 86 b,2,3.91,,15.76491,0.113,0.0416,269,,,,,,RV,2000,16/02/03,02 10 25.93425,-50 49 25.4179,10.783,0.8,0.855,-0.24,5188,2.5
HD 145377 b,0,5.76,,103.95,0.45,0.307,138.1,,,,,,RV,2008,15/11/17,16 11 36.44543,-27 04 41.4286,55,1.12,1.14,0.12,6046,1.3
beta Ursae Minoris b,0,6.1,,522.3,1.4,0.19,307.4,,,,,,RV,2014,15/11/26,14 50 42.32580,+74 09 19.8142,40.14,1.4,38.3,-0.27,4126,2.95
Kepler-409 b,0,,0.108445,68.9584,,,,,,,,,transit,2014,14/02/24,19 34 43,+46 51 09,69.2,0.92,0.89,0.08,5460,6.8
Kepler-128 b,0,0.00409,0.10298,15.09,,,,,,,,,transit,2013,16/01/13,18 49 58.128,+43 58 48.64,368.14,1.17,1.55,,6090,4.2
Kepler-128 c,0,0.00472,0.10298,22.804,,,,,,,,,transit,2013,16/01/13,18 49 58.128,+43 58 48.64,368.14,1.17,1.55,,6090,4.2
KOI-1299 b,2,4.87,1.12,52.50097,0.3034,0.535,,,,88.9,,,transit,2014,14/10/14,19 33 07.73,+48 17 09.2,870,1.353,4.16,-0.07,4850,3.5
KOI-1299 c,2,2.43,,406.2,,0.498,60.8,,,,,,RV,2014,15/02/03,19 33 07.73,+48 17 09.2,870,1.353,4.16,-0.07,4850,3.5
HAT-P-56 b,0,2.18,1.466,2.7908327,0.0423,,,,,82.13,1840,,transit,2015,15/06/05,06 43 23.52950,+27 15 08.2182,310.5,1.296,1.428,,6566,2.01
Kepler-44 b,0,1,1.09,3.2467293,0.0446,,,,,84.96,,,transit,2011,15/12/03,20 00 25,+45 45 44,2250,1.12,1.35,0.42,5800,5.8
Kepler-94 b,0,0.034099,0.319867,2.50806,,,,,,,,,transit,2014,14/02/24,18 44 47,+47 29 49,223,0.81,0.76,0.34,4781,1.41
Kepler-94 c,0,9.83346,,820.3,,,,,,,,,RV,2014,14/02/24,18 44 47,+47 29 49,223,0.81,0.76,0.34,4781,1.41
TYC 3667-1280-1 b,0,5.4,,26.468,0.21,0.036,240,,,,,,RV,2016,16/04/11,00 51 32.9649,+58 25 34.268,481,1.87,6.26,-0.08,5130,1.3
HD 131664 b,0,85.2,,1951,3.17,0.638,149.7,,320.8,167.1,,,RV,,15/01/14,15 00 06.08,-73 32 07.2,55.43,1.1,1.16,0.32,5886,2.4
HD 27631 b,0,1.45,,2208,3.25,0.12,134,,,,137.7,,RV,2011,12/11/29,04 19 45,-41 57 37,45.5,0.94,1,-0.12,5737,4.4
Kepler-277 b,0,0.27619,0.2661,17.324,,,,,,,,,transit,2013,13/09/13,19 06 19,+39 04 37,951.43,1.19,1.65,,5946,5
Kepler-277 c,0,0.20856,0.3062,33.006,,,,,,,,,transit,2013,13/09/13,19 06 19,+39 04 37,951.43,1.19,1.65,,5946,5
HD 219077 b,0,10.39,,5501,6.22,0.77,57.61,,,,124.9,,RV,2012,12/11/29,23 14 07,-62 42 00,29,1.05,1.91,-0.13,5362,8.9
Kepler-210 c,0,,0.436,7.9725,0.0371023285,,,,,85.73,,,transit,2014,14/03/14,19 30 00,+43 04 59,265.15,0.612,0.65,,4559,0.35
Kepler-210 b,0,,0.3419,2.4532,0.0142076961,,,,,77.86,,,transit,2014,14/03/14,19 30 00,+43 04 59,265.15,0.612,0.65,,4559,0.35
WASP-135 b,0,1.9,1.3,1.4013794,0.0243,0,,,,82,,,transit,2015,15/11/21,17 49 08.4,+29 52 45.0,300,0.98,0.96,0.02,5675,0.6
HAT-P-55 b,0,0.582,1.182,,0.04604,,,,,87.7,1313,,transit,2015,15/06/11,17 37 05.52,+25 43 52.3,480,1.013,1.011,-0.03,5808,4.2
Kepler-45 b,0,0.505,0.96,2.455239,0.027,0.11,,,,87,774,,transit,2011,13/03/25,19 31 30,+41 03 51,333,0.59,0.55,0.08,3820,13.9
WASP-121 b,0,1.183,1.807,1.2749255,0.02544,,,,,87.6,2358,,transit,2015,15/06/08,07 10 24.058,-39 05 50.55,270,1.353,1.458,0.13,6459,1.5
Kepler-25 b,0,,0.2411,6.2385369,0.068,0.05,,,,,1220.6,,transit,2012,15/06/09,19 06 33,+38 20 37,191,1.26,1.34,0.11,6354,2.75
Kepler-25 c,0,,0.4598,12.7203678,0.11,0.01,,,,,959.7,,transit,2012,15/06/09,19 06 33,+38 20 37,191,1.26,1.34,0.11,6354,2.75
Kepler-25 d,0,0.282798,,123,,,,,,,,,RV,2014,14/02/24,19 06 33,+38 20 37,191,1.26,1.34,0.11,6354,2.75
WASP-70 A b,2,0.59,1.164,3.7130203,0.04853,,,,,87.12,1387,,transit,2011,13/10/22,21 01 54,-13 26 00,245,1.106,1.215,-0.006,5700,9.5
BD+49 828 b,0,1.6,,2590,4.2,0.35,170,,,,,,RV,2015,15/11/23,03 02 33.7362,+49 43 47.974,,1.52,7.6,-0.19,4943,2.3
2MASS 0122-2439 B,0,,,,,,,,,,,,imaging,2013,15/04/20,01 22 50.938,-24 39 50.65,36,0.4,,,,0.12
Kepler-102 e,0,0.028091,0.202309,16.1457,,,,,,,,,transit,2014,14/02/24,18 45 55,+47 12 28,119.3,0.8,0.74,0.08,4903,1.41
Kepler-102 d,0,0.011954,0.107534,10.3117,,,,,,,,,transit,2014,14/02/24,18 45 55,+47 12 28,119.3,0.8,0.74,0.08,4903,1.41
Kepler-102 f,0,,0.080195,27.4536,,,,,,,,,transit,2014,14/02/24,18 45 55,+47 12 28,119.3,0.8,0.74,0.08,4903,1.41
Kepler-102 c,0,,0.052856,7.07142,,,,,,,,,transit,2014,14/02/24,18 45 55,+47 12 28,119.3,0.8,0.74,0.08,4903,1.41
Kepler-102 b,0,,0.042831,5.28696,,,,,,,,,transit,2014,14/02/24,18 45 55,+47 12 28,119.3,0.8,0.74,0.08,4903,1.41
HD 1666 b,0,6.43,,270,0.94,0.63,,,,,,,RV,2015,15/03/26,00 20 52.33959,-19 55 52.4083,110.6,1.5,1.93,0.37,6317,1.76
HATS-10 b,0,0.526,0.969,3.312846,0.04491,,,,,87.79,1407,,transit,2015,15/02/28,19 37 13.80,-22 12 16.1,496,1.101,1.105,0.15,5880,3.3
HATS-5 b,0,0.237,0.912,4.763387,0.0542,,,,,89.3,1025,,transit,2014,14/01/09,04 28 53.489,-21 28 54.90,257,0.936,0.871,0.19,5304,3.6
TrES-4 A b,2,0.494,1.838,3.55392771,0.0516,,,,,83.07,1795,,transit,2007,15/06/08,17 53 13,+37 12 42,485,1.45,1.81,0.28,6295,2.2
WASP-87 b,0,2.18,1.385,1.682795,0.02946,,,,,81.07,2322,,transit,2014,14/10/14,12 21 17.92,-52 50 27.0,240,1.204,1.627,-0.41,6450,3.8
Mercury,0,0.0001738742,0.034901518,87.97,0.38709843,0.20563661,77.45771895,252.2516672,48.33961819,7.00559432,,,,,12/01/01,,,,1,1,0.00000001,5778,4.57
Venus,0,0.0025637401,0.08656491,224.7,0.72332102,0.00676399,131.7675571,181.9797085,76.67261496,3.39777545,,,,,12/01/01,,,,1,1,0.00000001,5778,4.57
Earth,0,0.0031457007,0.091130294,365.2422,1.00000018,0.01673163,102.9300589,100.4669157,-5.11260389,-0.00054346,,,,,12/01/01,,,,1,1,0.00000001,5778,4.57
Mars,0,0.0003379953,0.048489079,686.98,1.52371243,0.09336511,-23.91744784,-4.56813164,49.71320984,1.85181869,,,,,12/01/01,,,,1,1,0.00000001,5778,4.57
Jupiter,0,1,1,4332.82,5.20248019,0.0485359,14.27495244,34.33479152,100.2928265,1.29861416,,,,,12/01/01,,,,1,1,0.00000001,5778,4.57
Saturn,0,0.299,0.832944,10755.67,9.54149883,0.05550825,92.86136063,50.07571329,113.639987,2.49424102,,,,,12/01/01,,,,1,1,0.00000001,5778,4.57
Uranus,0,0.0457,0.362775,30687.153,19.18797948,0.0468574,172.4340444,314.2027663,73.96250215,0.77298127,,,,1781,12/01/01,,,,1,1,0.00000001,5778,4.57
Neptune,0,0.053953,0.35221925,60190.03,30.06952752,0.00895439,46.68158724,304.2228929,131.7863585,1.7700552,,,,1846,12/01/01,,,,1,1,0.00000001,5778,4.57
Pluto,0,7.76E-06,0.0164379,90553.02,39.48686035,0.24885238,224.097026,238.9653501,110.3016799,17.1410426,,,,1930,12/01/01,,,,1,1,0.00000001,5778,4.57
HR 8799 b,0,5,0.7,166510,67.96,0,,,60.89,30.27,1100,,imaging,2008,15/11/26,23 07 28.71507,+21 08 03.3053,39.4,1.516,1.44,-0.47,7193,0.033
HR 8799 c,0,7,1,83255,42.81,0,,,65.68,29.43,1200,,imaging,2008,15/11/26,23 07 28.71507,+21 08 03.3053,39.4,1.516,1.44,-0.47,7193,0.033
HR 8799 d,0,7,1.1,41628,26.97,0,,,56.09,38.63,1200,,imaging,2008,15/11/26,23 07 28.71507,+21 08 03.3053,39.4,1.516,1.44,-0.47,7193,0.033
HR 8799 e,0,7,1,20816,16.99,0,,,145.73,30.95,1200,,imaging,2010,15/11/26,23 07 28.71507,+21 08 03.3053,39.4,1.516,1.44,-0.47,7193,0.033
Kapteyn b,0,0.015099,,48.616,0.168,0.21,80.4,,,,,,RV,2014,15/05/24,05 11 40.58112,-45 01 06.2899,3.91,0.281,0.291,-0.86,3550,11
Kapteyn c,0,0.02202,,121.54,0.311,0.23,,,,,,,RV,2014,14/06/06,05 11 40.58112,-45 01 06.2899,3.91,0.281,0.291,-0.86,3550,11
83 Leonis B b,2,0.087,,17.054,0.12186,0.13,196,,,,,,RV,2004,15/11/02,11 26 45.32180,+03 00 47.1551,17.79,0.832,0.76,0.36,4740,4
83 Leonis B c,2,0.36,,4970,5.4,0.1,38,,,,,,RV,2010,15/11/02,11 26 45.32180,+03 00 47.1551,17.79,0.832,0.76,0.36,4740,4
Kepler-113 c,0,,0.198664,8.92507,,,,,,,,,transit,2014,14/02/24,19 11 59,+50 56 39,255.9,0.75,0.69,0.05,4725,6.89
Kepler-113 b,0,0.036805,0.165857,4.754,,,,,,,,,transit,2014,14/02/24,19 11 59,+50 56 39,255.9,0.75,0.69,0.05,4725,6.89
Kepler-454 b,0,0.02152,0.2114,10.57375339,0.0954,0,,,,87.09,,,transit,2015,16/01/09,19 09 54.841,+38 13 43.95,200,1.028,1.066,0.27,5687,5.23
Kepler-454 c,0,4.46,,523.9,1.286,0.0214,337.4,,,,,,RV,2015,16/01/09,19 09 54.841,+38 13 43.95,200,1.028,1.066,0.27,5687,5.23
Kepler-454 d,0,,,,,,,,,,,,RV,2015,16/01/09,19 09 54.841,+38 13 43.95,200,1.028,1.066,0.27,5687,5.23
KOI-285 b,0,,0.326,13.748933,0.118,0.17,,,,,934,,transit,2013,15/06/09,19 16 21,+41 33 47,367.56,1.209,1.719,,5883,5.2
KOI-285 c,0,,0.219,26.72311,0.184,0.04,,,,,748,,transit,2013,15/06/09,19 16 21,+41 33 47,367.56,1.209,1.719,,5883,5.2
KOI-285 d,0,,0.1844,49.3568,0.278,0.07,,,,,608,,transit,2014,15/06/09,19 16 21,+41 33 47,367.56,1.209,1.719,,5883,5.2
HAT-P-27 b,0,0.62,1.02,3.039577,0.04,0,,,,85,1102.7,,transit,2011,13/05/29,14 51 04,+05 56 50,204,0.92,0.87,0.14,5300,3.6
KOI-372 b,0,3.25,0.882,125.63243,0.4937,0.172,791,,,89.845,,,transit,2015,15/05/03,19 56 29.39,+41 52 00.3,,1.014,1.122,-0.01,5820,1
KOI-372 c,0,0.3194,,463.44,,0.1701,178.88,,,91.78,,,timing,2015,15/05/03,19 56 29.39,+41 52 00.3,,1.014,1.122,-0.01,5820,1
HAT-P-52 b,0,0.818,1.009,2.7535953,0.03694,,,,,87.02,1218,,transit,2015,15/03/13,02 50 53.20,+29 01 20.6,385,0.887,0.893,0.28,5131,9.4
HAT-P-42 b,0,0.975,1.277,4.641876,0.0575,0,,,,85.9,1427,,transit,2013,13/05/29,09 01 22,+06 05 50,447,1.179,1.528,0.27,5743,5.1
HD 11964 A b,2,0.622,,1945,3.16,0.041,,,,,,,RV,2005,12/12/08,01 57 09,-10 14 32,33.98,1.125,2.18,0.17,,13.1
HD 11964 A c,2,0.079,,37.91,0.229,0.3,,,,,,,RV,2005,12/12/08,01 57 09,-10 14 32,33.98,1.125,2.18,0.17,,13.1
HD 209458 b,0,0.714,1.38,3.52474859,0.04747,0.0004,,,,86.59,1316.1,,transit,1999,14/04/18,22 03 10,+18 53 04,47,1.148,1.146,0.02,6075,4
KOI-135 b,0,3.23,1.22,3.02409309,0.0444,0.017,52,,,84.57,,,transit,2011,15/12/03,19 00 58,+46 40 06,1950,1.27,1.38,0.4,6050,2.3
HD 30669 b,0,0.47,,1684,2.69,0.18,82,,,,,,RV,2014,15/11/21,04 48 28.48561,-28 25 09.4699,57.1,0.92,0.91,0.13,5400,4.8
Gliese 221 b,0,0.13,,125.06,0.448,,118,131,,,,,RV,2013,13/05/13,05 53 00,-05 59 41,20,0.637,,-0.07,4040,3
Gliese 221 c,0,0.0196,,3.8731,0.044,,94,,,,,,RV,2013,13/05/13,05 53 00,-05 59 41,20,0.637,,-0.07,4040,3
HD 67087 b,0,3.06,,352.2,1.08,0.17,,,,,,,RV,2015,15/03/26,08 07 39.75457,+31 33 04.7381,88.8,1.36,1.55,0.25,6330,1.45
HD 67087 c,0,4.85,,2374,3.86,0.76,,,,,,,RV,2015,15/03/26,08 07 39.75457,+31 33 04.7381,88.8,1.36,1.55,0.25,6330,1.45
WASP-84 b,0,0.7,0.975,8.5234865,0.0775,0.018,,,,88.275,832,,transit,2013,14/09/22,08 44 26,+01 51 36,125,0.854,0.768,0.09,5280,1
Kepler-98 b,0,0.011167,0.181349,1.54168,,,,,,,,,transit,2014,14/02/24,19 02 39,+37 57 52,437.2,0.99,1.11,0.18,5539,2.79
WASP-104 b,0,1.272,1.137,1.7554137,0.02918,,,,,83.63,1516,,transit,2014,14/08/06,10 42 24,+07 26 06,143,1.076,0.963,0.32,5475,3
CoRoT-20 b,0,4.24,0.84,9.2,0.0902,0.562,,,,88.21,1002,,transit,2011,11/06/14,06 30 53,+00 13 37,1230,1.14,1.02,0.14,5880,0.1
HD 109271 b,0,0.054,,7.8543,0.079,0.25,-64,,,,1076,,RV,2013,13/01/14,12 33 35,-11 37 18,62,1.047,,0.1,5783,7.3
HD 109271 c,0,0.076,,30.93,0.196,0.15,4,,,,684.9,,RV,2013,13/01/14,12 33 35,-11 37 18,62,1.047,,0.1,5783,7.3
WASP-109 b,0,0.91,1.443,3.3190233,0.0463,,,,,84.28,1695,,transit,2014,14/10/14,15 28 13.23,-16 24 38.8,330,0.91,1.346,-0.22,6520,2.6
beta Pic b,0,11,1.65,8167,9.25,0.07,155.85,,31.75,89.01,1600,,imaging,2008,15/08/22,05 47 17,-51 03 59,19.3,1.6,,,9790,0.023
Kepler-440 b,0,,0.166,101.11141,0.242,,,,,89.93,,,transit,2015,15/01/28,19 01 23.99,+41 27 07.9,261,0.575,0.559,-0.3,4134,1.3
Kepler-439 b,0,,0.2,178.1396,0.563,,,,,89.95,,,transit,2015,15/01/28,18 43 12.38,+44 02 02.4,693,0.884,0.866,0.02,5431,7.2
HD 175607 b,0,0.0283,,8.98,,0.11,142,,,,,,RV,2015,15/11/15,19 01 05.49,-66 11 33.65,45.27,0.71,0.7,-0.62,5392,10.32
HD 175607 c,0,0.11,,1336.61,,0.42,14,,,,,,RV,2015,15/11/15,19 01 05.49,-66 11 33.65,45.27,0.71,0.7,-0.62,5392,10.32
HD 113337 b,0,2.83,,324,0.92,0.46,-140.8,,,,,,RV,2013,13/10/10,13 01 47,+63 36 37,36.9,1.4,1.5,0.07,,0.15
KOI-188 b,0,0.25,0.978,3.79701816,0.0464,,,,,87.02,1070,,transit,2014,14/10/02,19 21 26,+40 34 04,650,0.93,0.86,0.24,5170,5
HD 113538 b,0,0.36,,663.2,1.24,0.14,74,,,,,,RV,2010,15/11/21,13 04 57.47691,-52 26 34.5223,15.87,0.585,0.53,-0.24,4462,4.3
HD 113538 c,0,0.93,,1818,2.44,0.2,280,,,,,,RV,2010,15/11/21,13 04 57.47691,-52 26 34.5223,15.87,0.585,0.53,-0.24,4462,4.3
HD 166724 b,0,3.53,,5144,5.42,0.734,202,,,,,,RV,2011,12/11/29,18 14 00,-42 34 31,42.3,0.81,,-0.09,5150,4
Qatar-1 b,0,1.33,1.164,1.42002504,0.02343,0,,,,83.82,1389,,transit,2010,13/04/02,20 13 32,+65 09 43,,0.85,0.8,0.2,4910,4.5
1RXS1609 b,0,,1.7,,,,,,,,2000,,imaging,2008,15/07/29,16 09 30,-21 04 58,145,0.85,1.35,,4060,0.011
HD 219134 b,0,0.012,0.1433,3.0931,0.038474,0,0,,,85.058,,,RV,2015,15/10/20,23 13 16.97632,+57 10 06.0823,6.546,0.794,0.778,0.11,4699,12.9
HD 219134 c,0,0.011,,6.7635,0.064816,0,0,,,,,,RV,2015,15/10/20,23 13 16.97632,+57 10 06.0823,6.546,0.794,0.778,0.11,4699,12.9
HD 219134 d,0,0.028,,22.805,0.14574,0,0,,,,,,RV,2015,15/10/20,23 13 16.97632,+57 10 06.0823,6.546,0.794,0.778,0.11,4699,12.9
HD 219134 e,0,0.067,,46.71,0.23508,0,0,,,,,,RV,2015,15/10/20,23 13 16.97632,+57 10 06.0823,6.546,0.794,0.778,0.11,4699,12.9
HD 219134 f,0,0.034,,94.2,0.3753,0,0,,,,,,RV,2015,15/10/20,23 13 16.97632,+57 10 06.0823,6.546,0.794,0.778,0.11,4699,12.9
HD 219134 g,0,0.34,,2247,3.11,0.06,215,,,,,,RV,2015,15/10/20,23 13 16.97632,+57 10 06.0823,6.546,0.794,0.778,0.11,4699,12.9
KOI-523.02,0,0.00535,0.26428,36.855,,,,,,,,,transit,2013,13/09/13,19 04 11,+45 03 11,1387.37,0.93,0.98,,6197,1.8
KOI-523.01,0,0.01982,0.64703,49.412,,,,,,,,,transit,2013,13/09/13,19 04 11,+45 03 11,1387.37,0.93,0.98,,6197,1.8
61 Vir b,0,0.016,,4.215,0.050201,0.12,105,,,,,,RV,2009,15/11/02,13 18 24.31427,-18 18 40.3047,8.52,0.95,0.963,0.05,5571,6.3
61 Vir c,0,0.0573,,38.021,0.2175,0.14,341,,,,,,RV,2009,15/11/02,13 18 24.31427,-18 18 40.3047,8.52,0.95,0.963,0.05,5571,6.3
61 Vir d,0,0.0721,,123.01,0.476,0.35,314,,,,,,RV,2009,15/11/02,13 18 24.31427,-18 18 40.3047,8.52,0.95,0.963,0.05,5571,6.3
Kepler-452 b,0,,0.148542,384.843,1.046,,,,,89.806,265,,transit,2015,15/07/23,19 44 00,+44 16 39,430,1.037,1.11,0.21,5757,6
HD 217786 b,2,13,,1319,2.38,0.4,100,,,,,,RV,2010,16/01/22,23 03 08.205,-00 25 46.66,54.9,1.02,1.27,-0.135,5966,7.6
WASP-97 b,0,1.32,1.13,2.07276,0.03303,,,,,88,1555,,transit,2013,13/10/22,01 38 25,-55 46 19,,1.12,1.06,0.23,5640,11.9
KOI-1873.02,0,0.07046,0.2096,34.921,,,,,,,,,transit,2013,13/09/13,19 43 14,+40 00 30,1680.75,0.98,0.97,,6134,0.3
KOI-1873.01,0,0.10286,0.4921,71.312,,,,,,,,,transit,2013,13/09/13,19 43 14,+40 00 30,1680.75,0.98,0.97,,6134,0.3
HD 31253 b,0,0.5,,466,1.26,0.3,244,,,,,,RV,2010,15/11/03,04 54 43.65327,+12 21 07.9133,50.3,1.23,1.71,0.16,5960,3
HD 1605 b,0,0.96,,577.9,1.48,0.078,,,,,,,RV,2015,15/03/26,00 20 31.51872,+30 58 29.2948,84.6,1.31,3.8,0.21,4757,4.59
HD 1605 c,0,3.48,,2111,3.52,0.098,,,,,,,RV,2015,15/03/26,00 20 31.51872,+30 58 29.2948,84.6,1.31,3.8,0.21,4757,4.59
HATS-16 b,0,3.27,1.3,2.686502,0.03744,,,,,83.53,,,transit,2015,15/11/26,23 54 14.04,-30 00 46.8,774,0.97,1.238,0.1,5738,9.5
tau Boo A b,2,6.13,,3.3124568,0.049,0.011,113.4,,,44.5,2000,,RV,1996,14/03/04,13 47 15.74340,+17 27 24.8552,15.62,1.39,1.42,0.26,6399,0.9
Kepler-67 b,0,,0.267923,15.7259,0.1171,,,,,,,,transit,2013,13/06/26,19 36 37,+46 09 59,1107,0.865,0.778,0.012,5331,1
Kepler-50 b,0,0.015963,0.155832,7.81254,0.077,,,,,82,,,transit,2012,13/02/17,19 12 24,+50 02 01,269.79,1.24,1.58,0.03,6225,3.8
Kepler-50 c,0,0.026041,0.1977527,9.37647,0.087,,,,,82,,,transit,2012,13/02/17,19 12 24,+50 02 01,269.79,1.24,1.58,0.03,6225,3.8
42 Dra b,0,3.88,,479.1,1.19,0.38,218.7,,,,,,RV,2009,15/09/24,18 25 59.13734,+65 33 48.5288,96.5,0.98,22.03,-0.46,4200,9.49
HD 86226 b,0,0.92,,1695,2.84,0.15,193,,,,154,,RV,2010,12/11/29,09 56 30,-24 05 58,42.48,1.06,1.02,0.05,5940,1.5
Kepler-424 b,0,1.03,0.89,3.3118644,0.044,,,,,,1143,,transit,2014,15/12/03,19 54 29,+48 34 38,661.72,1.01,0.94,0.44,5460,12.2
Kepler-424 c,0,6.97,,223.3,0.73,0.3185,,,,,,,RV,2014,14/09/30,19 54 29,+48 34 38,661.72,1.01,0.94,0.44,5460,12.2
Gliese 163 b,0,0.033344,,8.63182,0.0607,0.073,70.702992,6.359832,,,,,RV,2012,16/02/03,04 09 15.66350,-53 22 23.3050,15,0.4,,,,5.5
Gliese 163 c,0,0.021391,,25.63058,0.1254,0.099,227.005878,24.522594,,,302,,RV,2012,16/02/03,04 09 15.66350,-53 22 23.3050,15,0.4,,,,5.5
Gliese 163 d,0,0.092484,,,1.0304,0.373,118.258489,144.958322,,,,,RV,2013,16/02/03,04 09 15.66350,-53 22 23.3050,15,0.4,,,,5.5
Kepler-100 c,0,,0.200487,12.8159,0.11,0.02,,,,89.8,,,transit,2014,14/02/24,19 25 32,+41 59 24,296.6,1.08,1.49,0.02,5825,6.46
Kepler-100 b,0,0.0231,0.120292,6.88705,0.0727,0.13,,,,87.1,,,transit,2014,14/02/24,19 25 32,+41 59 24,296.6,1.08,1.49,0.02,5825,6.46
Kepler-100 d,0,,0.14672,35.3331,0.216,,,,,88.62,,,transit,2014,14/02/24,19 25 32,+41 59 24,296.6,1.08,1.49,0.02,5825,6.46
Kepler-406 b,0,0.019975,0.130316,2.42629,,,,,,,,,transit,2014,14/02/24,19 27 24,+44 58 05,353.6,1.07,1.07,0.18,5538,5.84
Kepler-406 c,0,0.008525,0.077461,4.62332,,,,,,,,,transit,2014,14/02/24,19 27 24,+44 58 05,353.6,1.07,1.07,0.18,5538,5.84
HD 108341 b,0,3.5,,1129,2,0.85,190,,,,,,RV,2014,15/11/21,12 27 31.38999,-71 25 22.7053,49.4,0.843,0.79,0.04,5122,4.9
alf Tau b,2,6.47,,628.96,1.46,0.1,287,,,,,,RV,2015,15/11/17,04 35 55.20,+16 30 35.1,20.43,1.13,45.1,-0.27,4055,6.6
HIP 91258 b,0,1.068,,5.0505,0.057,0.024,276,,,,,,RV,2013,13/11/22,18 36 53.15422,+61 42 09.0124,44.9,0.95,1,0.23,5519,2.4
HD 95127 b,0,5.01,,482,1.28,0.11,40,,,,,,RV,2015,15/11/23,10 59 35.08667,+43 48 52.0823,327,1.2,20,-0.18,4218,5.5
HD 106515 A b,0,9.61,,3630,4.59,0.572,123.8,,,,,,RV,2011,12/11/29,12 15 07,-07 15 26,35.2,0.97,1.62,0.03,,11.7
HD 196067 b,0,6.9,,3638,5.02,0.66,148.2,,,,177.2,,RV,2011,12/11/29,20 41 44,-75 21 03,44.3,1.29,1.73,0.18,5940,3.3
Kepler-422 b,0,0.43,1.15,7.8914483,0.082,0.016,,,,,976,,transit,2014,14/09/30,18 50 31,+46 19 24,651.31,1.15,1.24,0.23,5972,1.5
HD 97658 b,0,0.023754977,0.213245,9.4903,0.08,0.078,351,,,89.14,757,,transit,2010,14/03/03,11 14 33,+25 42 37,21.11,0.77,0.741,-0.23,5119,6.1
KELT-6 b,0,0.442,1.18,7.845582,0.08,0.029,308,,,88.81,,,transit,2013,15/08/27,13 03 55.648,+30 38 24.18,222,1.126,1.529,-0.27,6272,4.9
KELT-6 c,0,3.71,,1276,2.39,0.21,268.7,,,,,,RV,2015,15/08/27,13 03 55.648,+30 38 24.18,222,1.126,1.529,-0.27,6272,4.9
XO-2S b,2,0.259,,18.157,0.1344,0.18,311,,,,,,RV,2014,14/07/02,07 48 07.479,+50 13 03.25,148,0.98,1.02,0.39,5395,7.1
XO-2S c,2,1.37,,120.8,0.4756,0.1528,264.5,,,,,,RV,2014,14/07/02,07 48 07.479,+50 13 03.25,148,0.98,1.02,0.39,5395,7.1
XO-2N b,2,0.597,0.973,2.61585922,0.03673,,,,,87.96,,,transit,2007,15/05/10,07 48 07.479,+50 13 03.25,148,0.97,1.01,0.43,5332,7.9
XO-2N c,2,,,,,,,,,,,,RV,2015,15/05/10,07 48 07.479,+50 13 03.25,148,0.97,1.01,0.43,5332,7.9
HD 33844 b,0,1.92,,547.9,1.59,0.16,190,,,,,,RV,2015,15/12/28,05 12 36.10097,-14 57 04.0084,100.9,1.78,5.29,0.27,4861,1.88
HD 33844 c,0,1.68,,924.3,2.25,0.09,5,,,,,,RV,2015,15/12/28,05 12 36.10097,-14 57 04.0084,100.9,1.78,5.29,0.27,4861,1.88
HD 218566 b,0,0.21,,225.7,0.6873,0.3,36,,,,,,RV,2010,15/11/03,23 09 10.72771,-02 15 38.6775,28.55,0.85,0.86,0.38,4820,8.5
WASP-1 b,2,0.854,1.483,2.5199464,0.03889,0,,,,90,1644.3,,transit,2006,14/03/05,00 20 40,+31 59 24,380,1.24,1.47,0.23,6160,3.4
HD 13908 b,0,0.865,,19.382,0.154,0.046,185,,,,,,RV,2013,13/11/22,02 18 14.56056,+65 35 39.6988,71.3,1.29,1.67,0.01,6255,2.9
HD 13908 c,0,5.13,,931,2.03,0.12,185,,,,,,RV,2013,13/11/22,02 18 14.56056,+65 35 39.6988,71.3,1.29,1.67,0.01,6255,2.9
eps Eridani b,0,0.645,,2651,3.51,0.4,141.4,,,,,,RV,2000,15/11/12,03 32 55.84496,-09 27 29.7312,3.2161,0.82,0.743,-0.07,5135,0.7
HD 98649 b,0,6.8,,4951,5.6,0.85,248,,,,,,RV,2011,12/11/29,11 20 52,-23 13 02,40.3,1,1,0.02,5759,2.3
HD 20868 b,0,1.99,,380.85,0.947,0.75,356.2,,,,,,RV,2008,15/11/17,03 20 42.69404,-33 43 48.3916,46.2,0.78,0.79,0.04,4795,4.5
HD 73267 b,0,3.06,,1260,2.198,0.256,229.1,,,,,,RV,2008,15/11/17,08 36 17.77517,-34 27 35.9219,54.2,0.89,1.04,0.03,5317,7.4
HD 106906 b,0,11,,,,,,,,,1800,,imaging,2013,13/12/06,12 17 53.19228,-55 58 31.8890,92,1.5,,,6516,0.013
Pr0211 b,0,1.88,,2.14609,0.03184,0.017,329,,,,,,RV,2012,16/03/03,08 42 11.492,+19 16 37.36,177,0.935,0.827,0.18,5300,0.79
Pr0211 c,0,7.95,,5300,5.8,0.7,103,,,,,,RV,2016,16/03/03,08 42 11.492,+19 16 37.36,177,0.935,0.827,0.18,5300,0.79
HD 139357 b,0,9.76,,1125.7,2.36,0.1,235.4,,,,,,RV,2009,15/09/24,15 35 16.19886,+53 55 29.7129,118.2,1.35,11.47,-0.13,4700,3.07
HD 285507 b,0,0.917,,6.0881,,0.086,182,,,,,,RV,2013,13/10/29,04 07 01,+15 20 06,41.339,0.734,0.656,0.13,4503,0.625
Kepler-62 b,0,,0.1193806,5.714932,0.0553,,,,,89.2,750,,transit,2013,13/04/18,18 52 51,+45 20 59,368,0.69,0.63,-0.37,4925,7
Kepler-62 c,0,,0.049210359,12.4417,0.0929,,,,,89.7,578,,transit,2013,13/04/18,18 52 51,+45 20 59,368,0.69,0.63,-0.37,4925,7
Kepler-62 d,0,,0.177704,18.16406,0.12,,,,,89.7,510,,transit,2013,13/04/18,18 52 51,+45 20 59,368,0.69,0.63,-0.37,4925,7
Kepler-62 e,0,,0.14671977,122.3874,0.427,,,,,89.98,270,,transit,2013,13/04/18,18 52 51,+45 20 59,368,0.69,0.63,-0.37,4925,7
Kepler-62 f,0,,0.12849371,267.291,0.718,,,,,89.9,208,,transit,2013,13/04/18,18 52 51,+45 20 59,368,0.69,0.63,-0.37,4925,7
mu Leo b,0,2.4,,357.8,1.1,0.09,227.1,,,,,,RV,2014,15/11/26,09 52 45.81654,+26 00 25.0319,38.05,1.5,11.4,0.36,4538.2,3.35
Kepler-410 A b,2,,0.258628,17.833648,0.1226,0.17,,,,87.72,,,transit,2013,13/12/20,18 52 36,+45 08 23,132,1.214,1.352,,6273,2.76
HIP 78530 b,0,24,,,,,,,,,2700,,imaging,2011,15/06/10,16 01 55,-21 58 49,156.7,2.5,,,10500,11
HIP 11915 b,0,0.99,,3830,4.8,0.1,150,172,,,,,RV,2015,15/08/15,02 33 49.02495,-19 36 42.5032,57.3,0.993,,-0.059,5760,4
KOI-192 b,0,0.29,1.23,10.290994,0.091,,,,,89.5,1100,,transit,2014,14/10/02,19 13 01,+43 42 18,1100,0.96,1.35,-0.19,5800,7
HD 41248 b,0,0.03869211,,18.357,0.137,0.15,,,,,,,RV,2013,13/04/30,06 00 33,-56 09 43,52.38,0.92,0.78,-0.43,5713,2
HD 41248 c,0,0.02705302,,25.648,0.172,,,,,,,,RV,2013,13/04/30,06 00 33,-56 09 43,52.38,0.92,0.78,-0.43,5713,2
30 Ari B b,2,6.6,,345.4,1.01,0.18,337,,,,,,RV,2009,16/01/10,02 37 00.52363,+24 38 49.9957,41.8,1.16,1.13,0.07,6424,0.91
beta Cancri b,0,7.8,,605.2,1.7,0.08,58.9,,,,,,RV,2014,15/11/26,08 16 30.92101,+09 11 07.9579,93,1.7,47.2,-0.29,4092.1,1.85
Kepler-75 b,0,10.1,1.05,8.8849116,0.0818,0.57,63.5,,,89.12,,,transit,2013,13/03/26,19 24 33,+36 34 39,1140,0.91,0.89,0.3,5200,6.2
CoRoT-28 b,0,0.484,0.955,5.20851,0.059,0.047,,,,88.1,,,transit,2015,15/04/07,18 34 45.21,+05 34 25.72,560,1.01,1.78,0.15,5150,12
WASP-83 b,0,0.3,1.04,4.971252,0.059,,,,,88.9,1120,,transit,2014,14/10/24,14 40 36.51,-19 17 03.4,300,1.11,1.05,0.29,5480,5
WASP-101 b,0,0.5,1.41,3.585722,0.0506,,,,,85,1560,,transit,2013,13/10/22,06 33 24,-23 29 10,,1.34,1.29,0.2,6400,0.9
HD 169830 b,0,2.94,,229.9,0.82,0.35,,,,,413.9,,RV,2000,14/06/24,18 27 49,-29 49 00,36.32,1.4,1.84,0.21,6300,2.3
HD 169830 c,0,4.04,,2102,3.6,0.33,,,,,196.1,,RV,2003,10/12/23,18 27 49,-29 49 00,36.32,1.4,1.84,0.21,6300,2.3
BD-17 63 b,0,5.1,,655.6,1.34,0.54,112.2,,,,,,RV,2008,15/11/17,00 28 34.30654,-16 13 34.8458,35.7,0.74,0.69,-0.03,4714,4.3
Kepler-11 b,0,0.005977,0.164035,10.3039,0.091,0.045,,,,89.55,870.7,,transit,2011,13/05/28,19 48 27,+41 54 33,613.20279,0.961,1.053,,5663,8.1
Kepler-11 c,0,0.009028,0.261544,13.0241,0.107,0.026,,,,89.65,806.8,,transit,2011,13/05/28,19 48 27,+41 54 33,613.20279,0.961,1.053,,5663,8.1
Kepler-11 d,0,0.022964,0.283415,22.6845,0.155,0.004,,,,89.76,658.7,,transit,2011,13/05/28,19 48 27,+41 54 33,613.20279,0.961,1.053,,5663,8.1
Kepler-11 e,0,0.025166,0.380925,31.9996,0.195,0.012,,,,88.91,596.4,,transit,2011,13/05/28,19 48 27,+41 54 33,613.20279,0.961,1.053,,5663,8.1
Kepler-11 f,0,0.006291,0.226003,46.6888,0.25,0.013,,,,89.5,525.3,,transit,2011,13/05/28,19 48 27,+41 54 33,613.20279,0.961,1.053,,5663,8.1
Kepler-11 g,0,,0.303464,118.3807,0.466,,,,,89.89,386.4,,transit,2011,13/05/28,19 48 27,+41 54 33,613.20279,0.961,1.053,,5663,8.1
Kepler-444 b,2,,0.036726,3.6001053,0.04178,0.08,,,,88,,,transit,2015,15/07/28,19 19 00.54910,+41 38 04.5682,35.7,0.758,0.752,-0.55,5046,11.23
Kepler-444 c,2,,0.045292,4.5458841,0.04881,0.12,,,,88.2,,,transit,2015,15/07/28,19 19 00.54910,+41 38 04.5682,35.7,0.758,0.752,-0.55,5046,11.23
Kepler-444 d,2,,0.048299,6.189392,0.06,0.18,,,,88.16,,,transit,2015,15/07/28,19 19 00.54910,+41 38 04.5682,35.7,0.758,0.752,-0.55,5046,11.23
Kepler-444 e,2,,0.049757,7.743493,0.0696,0.02,,,,89.13,,,transit,2015,15/07/28,19 19 00.54910,+41 38 04.5682,35.7,0.758,0.752,-0.55,5046,11.23
Kepler-444 f,2,,0.067528,9.740486,0.0811,0.29,,,,87.96,,,transit,2015,15/02/01,19 19 00.54910,+41 38 04.5682,35.7,0.758,0.752,-0.55,5046,11.23
WASP-95 b,0,1.13,1.21,2.184673,0.03416,,,,,88.4,1570,,transit,2013,13/10/22,22 29 50,-48 00 11,,1.11,1.13,0.14,5630,3
Kappa And b,0,50,,,,,,,,,2040,,imaging,2012,12/11/19,23 40 25,+44 20 02,51.6,2.8,2.29,-0.36,11361,0.22
HAT-P-53 b,0,1.484,1.318,1.9616241,0.03159,,,,,86.2,1778,,transit,2015,15/03/13,01 27 29.05,+38 58 05.3,719,1.093,1.209,0,5956,4.67
Psi-1 Draconis B b,2,1.53,,3117,4.43,0.4,64,,,,,,RV,2015,15/12/28,17 41 56.35536,+72 08 55.8481,22.93,1.19,,0,6213,2.5
HD 95872 b,0,4.6,,4375,5.2,0.06,17,,,,,,RV,2015,15/12/28,11 03 28.071,-22 05 38.41,,0.95,,0.41,5312,10
Kepler-77 b,0,0.43,0.96,3.5787087,0.04501,,,,,88,1189,,transit,2013,14/04/03,19 18 25,+44 20 44,570,0.95,0.99,0.2,5520,7.5
PTFO 8-8695 b,0,,1.91,0.448413,0.008,,,,,61.8,,,transit,2012,15/07/29,05 25 07.55,+01 34 24.3,330,0.34,1.07,,3470,0.00268
HATS-4 b,0,1.323,1.02,2.516729,0.0362,0.016,,,,88.5,1315,,transit,2014,14/02/26,06 16 26.898,-22 32 48.79,420,1.001,0.925,0.43,5403,2.1
HATS-17 b,0,1.338,0.777,16.254611,0.1308,,,,,89.08,,,transit,2015,15/11/01,12 48 45.72,-47 36 49.3,339,1.131,1.091,0.3,5846,2.1
HD 100546 b,0,17.5,6,,53,,,,,,1028,0.0055,imaging,2013,14/12/26,11 33 25,-70 11 41,97,2.4,,,10500,0.005
HD 100546 c,0,,,,13.5,,,,,,,,,,,11 33 25,-70 11 41,97,2.4,,,10500,0.005
HATS-3 b,0,1.138,1.697,3.547849,0.0497,0.253,134,,,84.3,1816,,transit,2013,13/06/04,20 49 59,-24 25 44,556,1.3,1.725,-0.157,6351,3.1
HAT-P-45 b,0,0.892,1.426,3.128992,0.0452,0.049,146,,,87.8,1652,,transit,2013,13/08/16,18 17 29,-03 22 52,305,1.259,1.319,0.07,6330,2
HD 32963 b,0,0.7,,2372,3.41,0.07,107,,,,,,RV,2015,15/12/18,05 07 55.76384,+26 19 40.6623,36.39,0.94,,0.11,5727,4.99
HD 159243 b,0,1.13,,12.62,0.11,0.02,223,,,,,,RV,2013,13/11/22,17 33 21.54580,+05 42 02.6391,69.2,1.125,1.12,0.05,6123,1.25
HD 159243 c,0,1.9,,248.4,0.8,0.075,69,,,,,,RV,2013,13/11/22,17 33 21.54580,+05 42 02.6391,69.2,1.125,1.12,0.05,6123,1.25
Kepler-71 b,0,,1.06622,3.905081413,0.0484618,,,,,89.67,1046.2,,transit,2013,13/03/25,19 39 27,+46 17 09,918.88,0.923,0.887,,5543,0.4
KOI-4427.01,0,,0.208,147.6606,0.419,,,,,89.97,,,transit,2015,15/01/28,19 40 28.13,+39 16 26.7,240,0.526,0.505,-0.07,3813,3.6
47 UMa b,0,2.53,,1078,2.1,0.032,334,,,,,,RV,1996,15/09/24,10 59 27.97282,+40 25 48.9202,14.063,1.063,1.24,-0.019,5818.7,6.48
47 UMa c,0,0.54,,2391,3.6,0.098,295,,,,,,RV,2001,15/09/24,10 59 27.97282,+40 25 48.9202,14.063,1.063,1.24,-0.019,5818.7,6.48
47 UMa d,0,1.64,,14002,11.6,0.16,110,,,,,,RV,2010,15/09/24,10 59 27.97282,+40 25 48.9202,14.063,1.063,1.24,-0.019,5818.7,6.48
HD 6434 b,0,0.44,,22.017,0.148,0.146,163.2,,,,,,RV,2000,15/10/16,01 04 40.15077,-39 29 17.5822,41.4,0.89,1.14,-0.48,5690,11.27
HD 103720 b,0,0.62,,4.5557,0.0498,0.086,262,,,,,,RV,2014,15/11/21,11 56 41.18534,-02 46 44.2430,41.58,0.794,0.73,-0.02,5017,3.8
HD 220689 b,0,1.06,,2209,3.36,0.16,137,,,,149.6,,RV,2011,12/11/29,23 25 53,-20 36 58,44.6,1.01,1.07,0,5940,3.5
HD 114386 b,0,1.24,,937,1.65,0.23,,,,,182.8,,RV,2003,14/03/05,13 10 39,-35 03 17,28.04,0.75,0.76,,4819,2.19
HD 114386 c,0,1.19,,1046,,0.06,,,,,,,RV,2011,11/09/13,13 10 39,-35 03 17,28.04,0.75,0.76,,4819,2.19
Kepler-87 b,0,1.02,1.2,114.7309,0.471,0.036,,,,,478.1,,transit,2013,15/12/03,19 51 40,+46 57 54,781.83,1.1,1.82,-0.17,5600,7.5
Kepler-87 c,0,0.020132,0.55954,192.363,0.664,0.039,,,,,403.3,,transit,2013,13/10/10,19 51 40,+46 57 54,781.83,1.1,1.82,-0.17,5600,7.5
EPIC 210363145 b,0,,0.2096,8.1998,,0.14,,,,88.7,,,transit,2016,16/06/21,03 40 54.82,+12 34 21.4,125,0.8,0.76,0.29,4970,0.7
HATS-6 b,0,0.319,0.998,3.3252725,0.03623,,,,,88.21,712.8,,transit,2014,14/08/07,05 52 35.231,-19 01 53.96,172.6,0.574,0.57,0.2,3724,8.1
WASP-106 b,0,1.925,1.085,9.289715,0.0917,,,,,89.49,1140,,transit,2014,14/08/06,11 05 43,-05 04 46,283,1.192,1.393,-0.09,6055,7
1SWASP J1407 b,0,14,,10044,,0.8,,,,,,,transit,2007,15/02/21,14 07 47.93,-39 45 42.7,133,,0.99,,,0.016
WASP-74 b,0,0.95,1.56,2.13775,0.037,,,,,79.81,1910,,transit,2014,14/10/24,20 18 09.32,-01 04 32.6,120,1.48,1.64,0.39,5990,2
WASP-44 b,0,0.869,1.002,2.4238133,0.03445,0,,,,86.02,1304,,transit,2011,13/01/14,00 15 37,-11 56 17,,0.917,0.865,0.06,5410,4.1
WASP-28 b,0,0.907,1.213,3.40883,0.04469,0,,,,88.61,1468,,transit,2010,14/02/07,23 34 28,-01 34 57,410,1.021,1.094,-0.29,6150,5
WASP-99 b,0,2.78,1.1,5.75251,0.0717,,,,,88.8,1480,,transit,2013,13/10/22,02 39 35,-50 00 29,,1.48,1.76,0.21,6180,1.4
WASP-96 b,0,0.48,1.2,3.4252602,0.0453,,,,,85.6,1285,,transit,2013,13/10/22,00 04 11,-47 21 38,,1.06,1.05,0.14,5540,8
HD 20782 b,2,1.43,,597.065,1.397,0.956,142.1,,,,,,RV,2006,16/01/10,03 20 03.57791,-28 51 14.6651,35.49,1.02,1.09,0.01,5798,5.53
HAT-P-50 b,0,1.35,1.288,3.1220109,0.0453,,,,,83.65,1862,,transit,2015,15/03/13,07 52 15.20,+12 08 21.9,497,1.273,1.698,-0.18,6280,3.37
Kepler-13 A b,2,9.28,1.51,1.76358799,0.03423,,,,,86.6,2750,,transit,2011,15/12/03,19 07 53.1072,+46 52 05.953,530,1.72,1.74,0.2,7650,0.708
HAT-P-8 b,2,1.275,1.321,3.0763402,0.0439,0,,,,87.8,1713,,transit,2008,13/07/31,22 52 10,+35 26 50,230,1.192,1.475,0.01,6200,4.3
HD 233604 b,0,6.575,,192,0.747,0.05,281,,,,,,RV,2013,15/11/23,09 09 48.8205,+53 34 05.623,,1.5,10.9,-0.36,4791,2.4
HATS-13 b,0,0.543,1.212,3.0440499,0.04057,,,,,88.55,1244,,transit,2015,15/03/11,21 07 50.88,-26 05 48.0,476,0.962,0.887,0.05,5523,2.5
HAT-P-46 b,0,0.493,1.284,,0.0577,0.123,70,,,85.5,1458,,transit,2013,13/08/16,18 01 47,-02 58 15,296,1.284,1.396,0.3,6120,2.5
HAT-P-46 c,0,2,,,0.383,0,,,,,,,RV,2013,,18 01 47,-02 58 15,296,1.284,1.396,0.3,6120,2.5
BD-082823 b,0,0.045,,5.6,0.056,0.15,30,,,,,,RV,2009,15/11/17,10 00 47.72035,-09 31 00.0340,42.5,0.74,,-0.07,4746,4.5
BD-082823 c,0,0.33,,237.6,0.68,0.19,-233,,,,,,RV,2009,15/11/17,10 00 47.72035,-09 31 00.0340,42.5,0.74,,-0.07,4746,4.5
16 Cygni B b,2,1.77,,799.5,1.72,0.689,83.4,,,45,,,RV,1996,15/09/22,19 41 48.95343,+50 31 30.2153,21.146,1.07,1.127,0.052,5750,6.8
Kepler-95 b,0,0.040894,0.311666,11.5231,,,,,,,,,transit,2014,14/02/24,18 57 56,+44 23 52,456.3,1.08,1.41,0.3,5699,5.63
Kepler-10 b,0,0.010475,0.133962,0.8374907,0.01685,0,,,,84.8,2169,,transit,2011,14/06/03,19 02 43,+50 14 29,173,0.91,1.065,-0.15,5643,10.6
Kepler-10 c,0,0.054106,0.214156,45.294301,0.241,0,,,,89.59,584,,transit,2011,14/06/03,19 02 43,+50 14 29,173,0.91,1.065,-0.15,5643,10.6
Kepler-442 b,0,,0.12,112.3053,0.409,,,,,89.94,,,transit,2015,15/01/28,19 01 27.98,+39 16 48.3,342,0.609,0.598,-0.37,4402,2.9
HATS-8 b,0,0.138,0.873,3.583893,0.04667,,,,,87.8,1324,,transit,2015,15/06/03,19 39 46.08,-25 44 53.9,829,1.056,1.086,0.21,5679,5.1
CoRoT-29 b,0,0.85,0.9,2.85057,0.039,0.082,,,,87.3,,,transit,2015,15/04/07,18 35 36.50,+06 28 46.99,765,0.97,0.9,0.2,5260,4.5
70 Vir b,0,7.4,,116.6926,0.481,0.399,,,,,479.1,,RV,1996,15/04/15,13 28 25.80861,+13 46 43.6386,18.1,1.09,1.94,-0.09,5439,7.77
GSC 06214-00210 b,0,17,,,,,,,,,1700,,imaging,2010,15/06/10,16 21 55,-20 43 07,145,0.9,,,4060,11
Kepler-443 b,0,,0.208,177.6693,0.495,,,,,89.94,,,transit,2015,15/01/28,19 14 26.53,+49 58 07.1,779,0.738,0.706,-0.01,4723,3.2
Kepler-51 b,0,0.0066,0.633,45.154,0.2514,0.04,,,,89.8,,,transit,2012,15/12/12,19 45 55.146,+49 56 15.66,,1.04,0.88,,6018,0.3
Kepler-51 c,0,0.0126,0.803,85.312,0.384,0.014,,,,89.4,,,transit,2012,15/12/12,19 45 55.146,+49 56 15.66,,1.04,0.88,,6018,0.3
Kepler-51 d,0,0.0239,0.865,130.194,0.509,,,,,89.9,,,transit,2014,15/12/12,19 45 55.146,+49 56 15.66,,1.04,0.88,,6018,0.3
Kepler-37 b,0,,0.027,13.367308,0.1003,0.08,,,,88.63,,,transit,2013,15/06/09,18 56 14,+44 31 05,66,0.803,0.77,-0.32,5417,6
Kepler-37 c,0,,0.0662,21.301886,0.1368,0.09,,,,89.07,,,transit,2013,15/06/09,18 56 14,+44 31 05,66,0.803,0.77,-0.32,5417,6
Kepler-37 d,0,,0.181349,39.792187,0.2076,0.15,,,,89.335,,,transit,2013,15/06/09,18 56 14,+44 31 05,66,0.803,0.77,-0.32,5417,6
Kepler-37 e,0,,,51.196,0.2508,,,,,,,,timing,2014,15/03/18,18 56 14,+44 31 05,66,0.803,0.77,-0.32,5417,6
KOI-195 b,0,0.34,1.09,3.21751883,0.0414,,,,,85.74,1300,,transit,2014,14/10/02,19 17 44,+49 28 24,880,0.91,0.92,-0.21,5725,3
Kepler-441 b,0,,0.146,207.2482,0.64,,,,,89.97,,,transit,2015,15/01/28,18 58 16.05,+49 00 45.2,284,0.0572,0.55,-0.57,4340,1.9
Kepler-97 b,0,0.011041,0.134873,2.58664,,,,,,,,,transit,2014,14/02/24,19 09 18,+48 40 24,414.4,0.94,0.98,-0.2,5779,8.42
Kepler-97 c,0,,,,,,,,,,,,RV,2014,14/02/24,19 09 18,+48 40 24,414.4,0.94,0.98,-0.2,5779,8.42
BD+15 2940 b,0,1.11,,137.48,0.539,0.26,302,,,,,,RV,2013,15/11/23,16 00 22.93827,+15 32 48.9291,508,1.1,14.7,0.28,4796,7.1
Kepler-56 b,0,0.0695,0.581,10.51057,0.1028,,,,,83.92,,,transit,2012,15/04/14,19 35 02.01,+41 52 18.7,,1.32,4.22,0.2,4840,3.5
Kepler-56 c,0,0.569,0.874,21.40239,0.1652,,,,-4.95,84.08,,,transit,2012,15/04/14,19 35 02.01,+41 52 18.7,,1.32,4.22,0.2,4840,3.5
Kepler-56 d,0,3.3,,,2,0.4,,,,,,,RV,2012,15/04/14,19 35 02.01,+41 52 18.7,,1.32,4.22,0.2,4840,3.5
KOI-423 b,0,19.1,1.11,21.087212,0.162,0,,,,89.23,,,transit,2011,15/01/27,19 47 50,+46 02 04,1200,1.26,1.25,0.1,6350,1
HAT-P-51 b,0,0.309,1.293,4.2180278,0.05069,,,,,88.48,1192,,transit,2015,15/03/13,01 24 15.66,+32 48 38.8,470,0.976,1.041,0.27,5449,8.2
HD 13931 b,0,1.88,,4218,5.15,0.02,290,,,,,,RV,2010,16/03/09,02 16 47.37946,+43 46 22.7907,44.2,1.022,1.23,0.03,5829,8.4
Kepler-90 h,0,,1.01,331.60059,1.01,,,,,89.6,,,transit,2013,15/12/03,18 57 44,+49 18 19,834.52,1.2,1.2,-0.12,6080,0.53
Kepler-90 g,0,,0.72,210.60697,0.71,,,,,89.8,,,transit,2013,15/12/03,18 57 44,+49 18 19,834.52,1.2,1.2,-0.12,6080,0.53
Kepler-90 f,0,,0.262455,124.9144,0.48,,,,,89.77,,,transit,2013,13/10/24,18 57 44,+49 18 19,834.52,1.2,1.2,-0.12,6080,0.53
Kepler-90 e,0,,0.242407,91.93913,0.42,,,,,89.79,,,transit,2013,13/10/24,18 57 44,+49 18 19,834.52,1.2,1.2,-0.12,6080,0.53
Kepler-90 d,0,,0.261544,59.73667,0.32,,,,,89.71,,,transit,2013,13/10/24,18 57 44,+49 18 19,834.52,1.2,1.2,-0.12,6080,0.53
Kepler-90 c,0,,0.108445,8.719375,0.089,,,,,89.68,,,transit,2013,13/10/24,18 57 44,+49 18 19,834.52,1.2,1.2,-0.12,6080,0.53
Kepler-90 b,0,,0.119381,7.008151,0.074,,,,,89.4,,,transit,2013,13/10/24,18 57 44,+49 18 19,834.52,1.2,1.2,-0.12,6080,0.53
KIC 8435766 b,0,0.005882,0.109356,0.35500744,,,,,,75.2,,,transit,2013,15/01/27,19 34 57.989,+44 26 54.28,,0.83,0.74,-0.08,5121,0.625
HD 142 A b,2,1.25,,349.7,1.02,0.17,,,,,249.8,,RV,2001,12/12/04,00 06 19,-49 04 30,20.6,1.15,1.43,0.04,6249,4.3
HD 142 A c,2,5.3,,6005,6.8,0.21,,,,,,,RV,2012,12/12/04,00 06 19,-49 04 30,20.6,1.15,1.43,0.04,6249,4.3
Kepler-307 b,0,0.023403,0.29162,10.416,,,,,,,,,transit,2013,16/01/13,19 51 10,+40 25 03,705.48,0.78,1.03,,5577,13.5
Kepler-307 c,0,0.011468,0.25516,13.084,,,,,,,,,transit,2013,16/01/13,19 51 10,+40 25 03,705.48,0.78,1.03,,5577,13.5
KOI-1576.03,0,,0.14854,23.34032,0.152,,,,,,640,,transit,2014,14/02/25,19 51 10,+40 25 03,705.48,0.78,1.03,,5577,13.5
HATS-14 b,0,1.07,1.04,2.766764,0.03815,,,,,89,1276,,transit,2015,15/11/01,20 52 51.715,-25 41 14.40,513,0.97,0.93,0.28,5408,4.9
HATS-15 b,0,2.17,1.105,1.74748753,0.02712,,,,,87.13,,,transit,2015,15/11/26,20 44 22.20,-19 26 15.0,689,0.871,0.922,0,5311,11
HAT-P-49 b,0,1.73,1.413,,0.0438,0,,,,86.2,2131,,transit,2014,14/01/25,20 21 46,-26 41 34,322,1.543,1.833,0.074,6820,2.5
Kepler-407 b,0,,0.097509,0.66931,,,,,,,,,transit,2014,14/02/24,19 04 09,+49 36 52,326.4,1,1.01,0.33,5476,7.47
Kepler-407 c,0,12.582803,,3000,,,,,,,,,RV,2014,14/02/24,19 04 09,+49 36 52,326.4,1,1.01,0.33,5476,7.47
Kepler-93 b,0,0.0126,0.1319,4.72673978,0.053,0,,,,0.1765,,,transit,2014,15/01/06,19 25 40.3888,+38 40 20.450,96.7,0.911,0.919,-0.18,5669,6.6
Kepler-93 c,0,,,,,,,,,,,,RV,2014,15/01/06,19 25 40.3888,+38 40 20.450,96.7,0.911,0.919,-0.18,5669,6.6
WASP-38 b,0,2.71,1.09,6.87188,0.0758,0.028,-22.2,,,89.5,1152.9,,transit,2010,13/03/30,16 15 50,+10 01 57,110,1.23,1.35,-0.12,6150,3.41
KOI-370.02,0,,0.228,22.95102,0.178,,,,,,,,transit,2013,13/09/13,19 25 33,+44 31 44,589.92,1.419,1.98,,6022,4.21
KOI-370.01,0,,0.35,42.88254,0.269,0.11,,,,,,,transit,2013,13/09/13,19 25 33,+44 31 44,589.92,1.419,1.98,,6022,4.21
WASP-112 b,0,0.88,1.191,3.0353992,0.0382,,,,,86.68,1395,,transit,2014,14/10/14,22 37 57.43,-35 09 13.9,450,0.807,1.002,-0.64,5610,10.6
HD 126614 A b,2,0.38,,1244,2.35,0.41,243,,,,,,RV,2010,16/03/09,14 26 48.28070,-05 10 40.0074,72.6,1.145,1.09,0.56,5585,7.2
Kepler-437 b,0,,0.191,66.65062,0.288,,,,,89.9,,,transit,2015,15/01/28,19 49 23.37,+44 01 37.0,417,0.707,0.68,0,4551,2.9
tau Gem b,2,20.6,,305.5,1.17,0.031,137.4,,,,,,RV,2004,15/11/03,07 11 08.37042,+30 14 42.5831,98.4,2.3,26.8,0.14,4388,1.22
HATS-2 b,0,1.345,1.168,1.354133,0.023,0,,,,87.2,1577,,transit,2013,13/04/08,11 46 57.370,-22 21 46.82,360,0.88,0.89,0.15,5227,9.7
24 Sex b,0,1.99,,452.8,1.333,0.09,9.2,,,,,,RV,2010,15/09/23,10 23 28.370,-00 54 08.09,74.8,1.54,4.9,-0.03,5098,2.7
24 Sex c,0,0.86,,883,2.08,0.29,220.5,,,,,,RV,2010,15/09/23,10 23 28.370,-00 54 08.09,74.8,1.54,4.9,-0.03,5098,2.7
HAT-P-30 b,2,0.711,1.34,2.810595,0.0419,0.035,,,,83.6,1552.5,,transit,2011,12/11/24,08 15 48,+05 50 12,193,1.242,1.215,0.13,6304,1
91 Aquarii A b,2,3.2,,181.4,0.7,0.027,177.3,,,,,,RV,2003,15/11/03,23 15 53.49482,-09 05 15.8546,45.93,1.4,11,-0.03,4665,3.56
HAT-P-54 b,0,0.76,0.944,,0.04117,,,,,87.04,818,,transit,2014,14/04/18,06 39 36,-25 28 57,135.8,0.645,0.617,-0.127,4390,3.9
HAT-P-57 b,2,,1.413,2.465295,0.0406,0,,,,88.26,,,transit,2015,15/11/01,18 18 58.32,+10 35 50.3,303,1.47,1.5,-0.25,7500,1
HD 82943 b,0,1.75,,442.4,1.1866,0.203,107,333,,19.41,250.5,,RV,2003,13/06/05,09 34 50,-12 07 46,27.46,1.13,1.12,0.32,5874,3
HD 82943 c,0,2.01,,219.3,0.7423,0.425,133,256,,19.41,314.7,,RV,2003,13/06/05,09 34 50,-12 07 46,27.46,1.13,1.12,0.32,5874,3
CoRoT-27 b,0,10.39,1.007,3.57532,0.0476,,,,,86.7,1500,,transit,2014,14/01/07,18 33 59,+05 32 19,,1.05,1.08,0.1,5900,4.21
KOI-12 b,0,,1.44,17.8552332,0.151,,,,,88.9,,,transit,2015,15/05/03,19 49 48.90,+41 00 39.56,426,1.452,1.63,0.09,6820,1.5
Kepler-106 c,0,0.032841,0.227826,13.5708,,,,,,,,,transit,2014,14/02/24,20 03 27,+44 20 15,453.9,1,1.04,-0.12,5858,4.83
Kepler-106 e,0,0.035137,0.233294,43.8445,,,,,,,,,transit,2014,14/02/24,20 03 27,+44 20 15,453.9,1,1.04,-0.12,5858,4.83
Kepler-106 b,0,,0.074727,6.16486,,,,,,,,,transit,2014,14/02/24,20 03 27,+44 20 15,453.9,1,1.04,-0.12,5858,4.83
Kepler-106 d,0,,0.086574,23.9802,,,,,,,,,transit,2014,14/02/24,20 03 27,+44 20 15,453.9,1,1.04,-0.12,5858,4.83
TrES-5 b,0,1.778,1.209,1.4822446,0.02446,,,,,84.529,,,transit,2011,11/09/05,20 20 53,+59 26 55,360,0.88,0.85,0.2,5171,7.38
Kepler-41 b,0,0.56,1.04,1.8555582,0.03101,0,,,,82.51,,,RV,2011,15/12/03,19 38 03,+48 58 54,771.43,1.12,1.02,0.29,5620,4.4
HD 75784 b,0,1.15,,341.7,1.073,0.13,,,,,,,RV,2014,14/11/19,08 52 23.941,+13 14 00.37,68.7,1.41,3.3,0.25,4917,4
WASP-20 b,0,0.313,1.458,4.8996285,0.06003,0,,,,85.57,1379,,transit,2011,14/02/07,00 20 38.5361,-23 56 08.567,210,1.202,1.392,-0.009,5950,7
Upsilon Andromedae A b,2,1.78,,4.61716,0.059408,0.011769,51.14,,7.28,22.99,1440.1,,RV,1996,15/03/16,01 36 48,+41 24 38,13.47,1.27,1.631,0.09,6212,3.1
Upsilon Andromedae A c,2,10.78,,241.02,0.83158,0.247042,248.74,,256.34,10.09,375.6,,RV,1999,15/03/16,01 36 48,+41 24 38,13.47,1.27,1.631,0.09,6212,3.1
Upsilon Andromedae A d,2,8.86,,1282.57,2.533539,0.24909,253.27,,9.97,28.3,218,,RV,1999,15/03/16,01 36 48,+41 24 38,13.47,1.27,1.631,0.09,6212,3.1
Upsilon Andromedae A e,2,1.059,,3848.86,5.2456,0.00536,,,,,150.6,,RV,2010,15/03/16,01 36 48,+41 24 38,13.47,1.27,1.631,0.09,6212,3.1
OGLE-TR-113 b,0,1.26,1.051,1.43247506,0.02288,0,,,,87.8,,,transit,2004,15/11/16,10 52 24.40,-61 26 48.5,1500,0.779,0.774,0.09,4790,13.2
ROXs 12 b,0,16,,,,,,,,,,,imaging,2013,13/12/02,16 26 28,-25 27 24,120,0.87,,,3850,0.0076
Kepler-99 b,0,0.019346,0.134873,4.60358,,,,,,,,,transit,2014,14/02/24,19 49 25,+41 18 00,221.3,0.79,0.73,0.18,4782,1.47
GU Psc b,0,11,,,,,,,,,1050,,imaging,2014,14/05/14,01 12 35,+17 03 56,48,0.325,,0.1,,0.1
WASP-110 b,0,0.51,1.238,3.7783977,0.0457,,,,,88.06,1134,,transit,2014,14/10/14,20 23 29.55,-44 03 30.3,320,0.892,0.881,-0.06,5400,8.6
WASP-117 b,0,0.2755,1.021,10.02165,0.09459,0.302,242,,,89.14,1024,,transit,2014,14/06/27,02 27 06.0972,-50 17 04.354,,1.126,1.17,-0.11,6040,4.6
Kepler-109 b,0,,0.215979,6.48163,0.069,,,,,87,,,transit,2014,14/02/24,19 21 34.263,+40 17 05.66,468.1,1.04,1.32,-0.08,5952,5.73
Kepler-109 c,0,,0.229648,21.2227,0.152,0.03,,,,89.6,,,transit,2014,14/02/24,19 21 34.263,+40 17 05.66,468.1,1.04,1.32,-0.08,5952,5.73
KOI-368.01,0,,2.1,110.321611,0.6,0.07,,,,89.215,3060,,transit,2013,13/07/10,19 23 25,+42 05 12,1200,2.3,2.5,0.4,9257,0.25
HATS-7 b,0,0.12,0.563,3.185315,0.04012,,,,,87.92,,,transit,2015,15/07/07,13 55 25.68,-21 12 27.7,257,0.849,0.815,0.25,4985,7.8
Kepler-33 b,0,,0.158566,5.66793,0.0677,,,,,86.39,1349.8,,transit,2012,12/01/26,19 16 18,+46 00 18,917.8,1.291,1.82,0.025,5904,4.27
Kepler-33 c,0,0.00252,0.2916,13.17562,0.1189,,,,,88.19,1018.5,,transit,2012,16/01/13,19 16 18,+46 00 18,917.8,1.291,1.82,0.025,5904,4.27
Kepler-33 d,0,0.01478,0.487547,21.77596,0.166,,,,,88.71,861.5,,transit,2012,16/01/13,19 16 18,+46 00 18,917.8,1.291,1.82,0.025,5904,4.27
Kepler-33 e,0,0.02108,0.366343,31.7844,0.2138,,,,,,759.5,,transit,2012,16/01/13,19 16 18,+46 00 18,917.8,1.291,1.82,0.025,5904,4.27
Kepler-33 f,0,0.03618,0.406441,41.02902,0.2535,,,,,,697.5,,transit,2012,16/01/13,19 16 18,+46 00 18,917.8,1.291,1.82,0.025,5904,4.27
HD 73526 b,0,2.35,,189.65,0.65,0.265,,,,,369.5,,RV,2002,14/03/03,08 37 16,-41 19 08,99,1.08,1.49,0.25,5590,5.59
HD 73526 c,0,2.19,,376.93,1.03,0.198,,,,,293.3,,RV,2006,14/03/03,08 37 16,-41 19 08,99,1.08,1.49,0.25,5590,5.59
HATS-9 b,0,0.837,1.065,1.9153073,0.03048,,,,,86.5,1823,,transit,2015,15/02/28,19 23 14.28,-20 09 58.7,622,1.03,1.503,0.34,5366,10.8
Gliese 504 b,0,4,,,,,,,,,510,,imaging,2013,13/07/22,13 16 47,+09 25 27,17.56,1.22,,0.28,6234,0.16
Kepler-65 b,0,,0.1257,2.1549156,0.035,0.02,,,,81,,,transit,2013,13/02/17,19 14 45,+41 09 04,246.65,1.25,1.41,0.17,6211,2.9
Kepler-65 c,0,,0.2294,5.8599408,0.068,0.08,,,,81,,,transit,2013,13/02/17,19 14 45,+41 09 04,246.65,1.25,1.41,0.17,6211,2.9
Kepler-65 d,0,,0.1344,8.131231,0.084,0.1,,,,81,,,transit,2013,13/02/17,19 14 45,+41 09 04,246.65,1.25,1.41,0.17,6211,2.9
Kepler-19 b,0,,0.1971,9.2869944,0.0846,,,,,89.94,,,transit,2011,11/09/09,19 21 41,+37 51 06,,0.936,0.85,-0.13,5541,1.9
Kepler-19 c,0,,,,,,,,,,,,timing,2011,15/03/18,19 21 41,+37 51 06,,0.936,0.85,-0.13,5541,1.9
CoRoT-22 b,0,0.0383853003,0.4353652161,9.75598,0.092,0.077,210,,,89.749,885,,transit,2014,14/08/28,18 42 40.109,+06 13 08.97,592,1.099,1.136,0.17,5939,3.3
KOI-1257 b,2,1.45,0.94,86.647661,0.382,0.772,141.3,,,89.66,511,,transit,2014,14/06/25,19 24 54,+44 55 38,900,0.99,1.13,0.27,5520,9.3
Kepler-89 b,0,0.0330298,0.1558328,3.743208,0.05119,0.25,,,,89.3,1486,,transit,2012,13/03/15,19 49 19,+41 53 28,426.2,1.28,1.52,0.02,6182,3.16
Kepler-89 c,0,0.04907293,0.39368287,10.423648,0.1013,0.43,,,,88.36,1012,,transit,2012,13/03/15,19 49 19,+41 53 28,426.2,1.28,1.52,0.02,6182,3.16
Kepler-89 d,0,0.33,1,22.342989,0.1684,0.022,,,,89.871,806,,transit,2012,15/12/03,19 49 19,+41 53 28,426.2,1.28,1.52,0.02,6182,3.16
Kepler-89 e,0,0.11009952,0.59781473,54.32031,0.3046,0.019,,,,89.76,584,,transit,2012,13/03/15,19 49 19,+41 53 28,426.2,1.28,1.52,0.02,6182,3.16
HAT-P-43 b,0,0.66,1.283,3.332688,0.0443,0,,,,88.7,1361,,transit,2013,13/01/02,08 35 42,+10 12 24,543,1.048,1.104,0.23,5645,5.7
HD 185269 b,2,0.94,,6.838,0.077,0.3,173,,,,,,RV,2006,16/01/22,19 37 11.74092,+28 29 59.5055,50.28,1.28,1.88,0.11,5980,4.2
HD 80606 b,2,3.94,0.921,111.4273,0.463,0.93369,300.53,,,89.341,339.6,,RV,2001,15/07/21,09 22 37,+50 36 13,58.4,0.98,0.978,0.43,5370,7.63
Kepler-117 c,0,1.84,1.101,50.790391,0.2804,0.0323,,,,89.64,704,,transit,2014,14/11/17,19 15 10.326,+48 02 24.81,1430,1.129,1.606,-0.04,6150,5.3
Kepler-117 b,0,0.094,0.719,18.7959228,0.1445,0.0493,,,,88.74,984,,transit,2014,14/11/17,19 15 10.326,+48 02 24.81,1430,1.129,1.606,-0.04,6150,5.3
KOI-142 b,0,0.0055264,0.37647,10.9542,0.098,0.0561,90.7,6.425,270,0.931,791,,transit,2013,13/04/17,19 24 35,+40 40 09,385,1.022,0.961,0.37,5513,2.45
KOI-142 c,0,0.76,,22.1,0.1529,0.05628,271.1,253,259,3.7,,,timing,2013,13/04/17,19 24 35,+40 40 09,385,1.022,0.961,0.37,5513,2.45
Kepler-438 b,0,,0.1,35.23319,0.166,,,,,89.86,,,transit,2015,15/01/28,18 46 35.00,+41 57 03.9,145,0.544,0.52,0.16,3748,4.4
Gliese 3021 A b,2,3.37,,133.71,0.49,0.511,,,,,,,RV,2000,14/06/24,00 16 12,-79 51 04,17.62,0.9,0.9,0.1,5540,0.8
KOI-830 b,0,1.27,1.08,3.52563254,0.0433,,,,,89.36,1070,,transit,2014,14/10/02,19 22 20,+40 34 39,720,0.87,0.8,0.09,5150,5
HD 30562 b,0,1.373,,1159,2.315,0.778,78.4,,,,208.7,,RV,2009,12/11/29,04 48 36,-05 40 27,26.5,1.23,1.53,0.29,5861,3.6
HD 34445 b,0,0.79,,1049,2.07,0.27,104,,,,,,RV,2010,16/03/09,05 17 40.98051,+07 21 12.0508,46.5,1.07,1.38,0.14,5836,8.5
Kepler-96 b,0,,0.243318,16.2385,,,,,,,,,transit,2014,14/02/24,19 48 17,+40 31 30,128,1,1.02,0.04,5690,2.34
HD 564 b,0,0.33,,492.3,1.2,0.096,314,,,,,,RV,2014,15/11/17,00 09 52.82123,-50 16 04.1606,53.6,0.961,1.01,-0.2,5902,5.5
Kepler-66 b,0,,0.255165,17.815815,0.1352,,,,,,,,transit,2013,13/06/26,19 35 56,+46 41 16,1107,1.038,0.966,0.012,5962,1
Kepler-421 b,0,,0.379102,704.1984,1.219,0.041,160,,,89.965,184,,transit,2014,14/07/21,18 53 01,+45 05 16,320,0.794,0.757,-0.25,5308,4
KOI-183 b,0,0.595,1.192,2.6843285,0.03585,0.019,120.26,,,87.828,1605,,transit,2014,14/09/30,19 31 25,+46 23 28,725,0.85,0.95,-0.1,5560,11
Gliese 777 A b,2,1.495,,2867.9,3.92,0.343,,,,,,,RV,2003,15/06/29,20 03 37.405,+29 53 48.50,15.89,1.04,1.2,0.24,,6.7
Gliese 777 A c,2,0.064,,17.1186,0.128,0.107,,,,,,,RV,2005,15/06/29,20 03 37.405,+29 53 48.50,15.89,1.04,1.2,0.24,,6.7
HD 7449 b,2,1.09,,1270.5,2.33,0.8,-25.2,,,,,,RV,2011,16/02/04,01 14 29.32198,-05 02 50.5942,38.9,1.05,1.01,-0.11,6024,2.1
HD 7449 c,2,2,,4046,4.96,0.53,11,,,,,,RV,2011,16/02/04,01 14 29.32198,-05 02 50.5942,38.9,1.05,1.01,-0.11,6024,2.1
WASP-69 b,0,0.26,1.057,3.8681382,0.04525,,,,,86.71,963,,transit,2011,13/10/22,21 00 06,-05 05 40,50,0.826,0.813,0.15,4715,2
HD 196885 A b,2,2.98,,1326,2.6,0.48,,,,,228.4,,RV,2007,12/12/07,20 39 51,+11 14 58,33,1.33,1.79,0.29,6340,0.5
HAT-P-44 b,0,0.392,1.28,,0.0507,0.072,98,,,89,1126,,transit,2013,13/08/16,14 12 35,+47 00 53,374,0.939,0.979,0.33,5295,8.9
HAT-P-44 c,0,1.6,,219.9,0.699,,,,,,,,transit,2013,13/08/16,14 12 35,+47 00 53,374,0.939,0.979,0.33,5295,8.9
HD 200964 b,0,1.85,,613.8,1.601,0.04,288,,,,,,RV,2010,15/09/23,21 06 39.84239,+03 48 11.2280,68.4,1.44,4.3,-0.15,5164,3
HD 200964 c,0,0.895,,825,1.95,0.181,182.6,,,,,,RV,2010,15/09/23,21 06 39.84239,+03 48 11.2280,68.4,1.44,4.3,-0.15,5164,3
HAT-P-19 b,0,0.292,1.109,4.0087844,0.0466,0.067,256,,,88.89,1010,,transit,2010,15/08/15,00 38 04.012,+34 42 41.56,215,0.842,0.82,0.23,4990,5.5
HD 197037 b,2,0.79,,1035.7,2.07,0.22,298,,,,,,RV,2012,16/01/22,20 39 32.96014,+42 14 54.7845,32.3,1.11,,-0.2,6150,1.9
KELT-7 b,0,1.28,1.533,2.7347749,0.04415,,,,,83.76,2048,,transit,2015,15/01/22,05 13 10.93,+33 19 05.40,129,1.535,1.732,0.139,6789,1.3
TYC 1422-614-1 b,0,2.5,,198.4,0.69,0.06,,,,,,,RV,2014,14/10/22,10 17 06.674,+19 33 30.47,759,1.15,6.85,0.15,4806,9.77
TYC 1422-614-1 c,0,10,,559.3,1.37,0.048,,,,,,,RV,2014,14/10/22,10 17 06.674,+19 33 30.47,759,1.15,6.85,0.15,4806,9.77
HAT-P-7 b,2,1.709,1.4588,2.204737,0.0379,0,,,,83.111,2733,,transit,2008,15/05/24,19 28 59,+47 58 10,320,1.59,2.02,0.32,6310,1.77
Kepler-436 b,0,,0.244,64.00205,0.339,,,,,89.93,,,transit,2015,15/01/28,20 06 52.98,+44 24 43.4,618,0.729,0.697,0.01,4651,3
Kepler-436 c,0,,0.208,16.79713874,,,,,,,,,transit,2016,16/05/10,20 06 52.98,+44 24 43.4,618,0.729,0.697,0.01,4651,3
HD 10647 b,0,0.94,,989.2,2.015,0.15,212,,,,195.9,,RV,2003,12/11/29,01 42 29,-53 44 27,17.3,1.11,1.1,0,6039,1.4
HD 213240 A b,2,4.5,,951,2.03,0.45,,,,,,,RV,2001,12/12/08,22 31 00,-49 25 59,40.75,1.22,1.5,0.16,,3.6
Kepler-103 b,0,,0.307109,15.9654,0.128,0.03,,,,87.8,,,transit,2014,15/06/12,19 15 56.2,+40 03 52,476.8,1.09,1.44,0.07,5845,5.7
Kepler-103 c,0,,0.46841,179.612,0.641,0.02,,,,89.7,,,transit,2014,15/06/12,19 15 56.2,+40 03 52,476.8,1.09,1.44,0.07,5845,5.7
WASP-111 b,0,1.83,1.442,2.310965,0.03914,,,,,81.61,2140,,transit,2014,14/10/14,21 55 04.23,-22 36 45.2,210,1.5,1.85,0.08,6400,2.6
Kepler-74 b,0,0.63,0.96,7.340711,0.0781,0,,,,87.46,,,transit,2012,15/01/27,19 32 22,+41 21 20,1330,1.18,1.12,0.42,6000,0.8
HD 196050 A b,2,2.83,,1316.24,2.47,0.21,,,,,186.7,,RV,2002,12/12/04,20 37 51,-60 38 04,46.93,1.17,1.29,0.23,5874,3.55
HD 40979 A b,2,3.28,,263.1,0.83,0.25,,,,,,,RV,2002,12/12/08,06 04 29,+44 15 37,33.3,1.1,1.21,0.194,,1
PSR 1257+12 A,0,0.0000629,,25.262,0.19,0,0,,,,,,timing,1992,16/04/12,13 00 03.5767,+12 40 56.4721,710,1.4,0.000014,,,3
PSR 1257+12 B,0,0.0135,,66.5419,0.36,0.0186,250.4,,,53,,,timing,1992,16/04/12,13 00 03.5767,+12 40 56.4721,710,1.4,0.000014,,,3
PSR 1257+12 C,0,0.0123,,98.2114,0.46,0.0252,108.3,,3,47,,,timing,1992,16/04/12,13 00 03.5767,+12 40 56.4721,710,1.4,0.000014,,,3
Kepler-68 b,2,0.026,0.206,5.398763,0.0617,0.02,,,,87.6,1280,,transit,2013,15/06/09,19 24 07.7644,+49 02 24.957,135,1.079,1.243,0.12,5793,6.3
Kepler-68 c,2,0.015,0.085,9.605085,0.09059,,,,,86.93,,,transit,2013,15/06/09,19 24 07.7644,+49 02 24.957,135,1.079,1.243,0.12,5793,6.3
Kepler-68 d,2,0.947,,580,1.4,0.18,,,,,,,RV,2013,15/06/09,19 24 07.7644,+49 02 24.957,135,1.079,1.243,0.12,5793,6.3
HD 216536 b,0,1.47,,148.6,0.609,0.38,270,,,,,,RV,2015,15/01/29,22 53 03.9725,+44 28 39.862,,1.36,12.5,-0.17,4639,3.8
tau Ceti b,0,0.0062914013,,13.965,0.105,0.16,,,,,,,RV,2012,12/12/19,01 44 04,-15 56 15,3.65,0.783,0.798,-0.55,,5.8
tau Ceti c,0,0.009751672,,35.362,0.195,0.03,,,,,,,RV,2012,12/12/19,01 44 04,-15 56 15,3.65,0.783,0.798,-0.55,,5.8
tau Ceti d,0,0.011324522,,94.11,0.374,0.08,,,,,,,RV,2012,12/12/19,01 44 04,-15 56 15,3.65,0.783,0.798,-0.55,,5.8
tau Ceti e,0,0.013526513,,168.12,0.552,0.085,,,,,,,RV,2012,12/12/19,01 44 04,-15 56 15,3.65,0.783,0.798,-0.55,,5.8
tau Ceti f,0,0.020761624,,642,1.35,0.03,,,,,,,RV,2012,12/12/19,01 44 04,-15 56 15,3.65,0.783,0.798,-0.55,,5.8
WASP-32 b,0,3.6,1.19,2.718659,0.0394,0.018,,,,85.3,1427.6,,transit,2010,14/03/20,00 15 51,+01 12 02,,1.1,1.09,-0.13,6100,2.42
HD 52265 b,0,1.05,,119.6,0.5,0.35,,,,,426,,RV,2000,14/06/24,07 00 18,-05 22 01,28.1,1.2,1.25,0.21,6159,3.5
eps Coronae Borealis b,2,6.7,,417.9,1.3,0.11,133.1,,,,,,RV,2012,15/09/22,15 57 35.25147,+26 52 40.3635,67.9,1.7,21,-0.094,4406,1.74
WASP-89 b,0,5.9,1.04,3.3564227,0.0427,0.193,,,,89.4,1120,,transit,2014,14/10/24,20 55 35.99,-18 58 16.1,,0.92,0.88,0.15,4955,1.3
BD-114672 b,0,0.53,,1667,2.28,0.05,231,,,,,,RV,2014,15/11/17,18 33 28.83271,-11 38 09.7315,27.3,0.571,0.52,-0.48,4475,4.4
V830 Tau b,0,1.4,,6,0.065,,,,,55,,,RV,2015,15/10/02,04 33 10.033,+24 33 43.38,131,1,2,,4250,0.0022
HD 95086 b,0,5,,,,,,,,,1000,,imaging,2013,13/10/28,10 57 03,-68 40 02,90.27,1.6,,,,0.017
51 Eri b,2,2,1,15000,14,0.21,90,,75,138,700,,imaging,2015,15/08/14,04 37 36.13234,-02 28 24.7749,29.4,1.75,,-0.027,,0.02
4 UMa b,0,7.1,,269.3,0.87,0.432,23.81,,,,877.3,,RV,2007,15/09/20,08 40 12.81767,+64 19 40.5700,78.5,1.234,18.11,-0.25,4415,4.604
Kepler-412 b,0,0.939,1.325,1.720861232,0.02959,0.0038,125,,,80.89,,,transit,2014,14/01/29,19 04 26,+43 40 51,1056,1.167,1.287,0.27,5750,5.1
WASP-122 b,0,1.372,1.972,1.7100567,0.03107,0,,,,78.35,1960,,transit,2015,15/09/07,07 13 12.34,-42 24 35.1,,1.4,1.567,0.32,5720,5